{"cameraMode":{"drawMode":0,"name":"Shaded","section":"Shading Mode"},"sceneLighting":true,"audioPlay":false,"sceneViewState":{"showFog":true,"showMaterialUpdate":false,"showSkybox":true,"showFlares":true,"showImageEffects":true,"showParticleSystems":true},"in2DMode":false,"pivot":{"x":0.23289498686790467,"y":-4.647304058074951,"z":8.139093399047852},"rotation":{"x":-0.19554150104522706,"y":-0.0038276049308478834,"z":0.0007621512049809098,"w":-0.9806950688362122},"size":18.125986099243165,"orthographic":false}