{"cameraMode":{"drawMode":0,"name":"Shaded","section":"Shading Mode"},"sceneLighting":false,"audioPlay":false,"sceneViewState":{"showFog":true,"showMaterialUpdate":false,"showSkybox":false,"showFlares":true,"showImageEffects":true,"showParticleSystems":true},"in2DMode":false,"pivot":{"x":0.020140409469604493,"y":-2.846390724182129,"z":-0.4118462800979614},"rotation":{"x":0.06444938480854035,"y":-0.013471555896103382,"z":0.0008701567421667278,"w":0.9978266954421997},"size":2.728120803833008,"orthographic":true}