{"cameraMode":{"drawMode":0,"name":"Shaded","section":"Shading Mode"},"sceneLighting":false,"audioPlay":false,"sceneViewState":{"showFog":true,"showMaterialUpdate":false,"showSkybox":false,"showFlares":true,"showImageEffects":true,"showParticleSystems":true},"in2DMode":false,"pivot":{"x":41.400001525878909,"y":3.11299991607666,"z":0.0},"rotation":{"x":0.06444938480854035,"y":-0.013471555896103382,"z":0.0008701567421667278,"w":0.9978266954421997},"size":3.463590621948242,"orthographic":false}