{"cameraMode":{"drawMode":0,"name":"Shaded","section":"Shading Mode"},"sceneLighting":false,"audioPlay":false,"sceneViewState":{"showFog":true,"showMaterialUpdate":false,"showSkybox":false,"showFlares":true,"showImageEffects":true,"showParticleSystems":true},"in2DMode":false,"pivot":{"x":-0.32962942123413088,"y":3.7042136192321779,"z":-0.43766069412231448},"rotation":{"x":-0.010310868732631207,"y":0.9844295978546143,"z":-0.16423474252223969,"w":-0.0618039146065712},"size":2.561478853225708,"orthographic":false}