{"cameraMode":{"drawMode":0,"name":"Shaded","section":"Shading Mode"},"sceneLighting":true,"audioPlay":false,"sceneViewState":{"showFog":true,"showMaterialUpdate":false,"showSkybox":true,"showFlares":true,"showImageEffects":true,"showParticleSystems":true},"in2DMode":false,"pivot":{"x":-2.6131584644317629,"y":2.028359889984131,"z":1.4328584671020508},"rotation":{"x":-0.00821397639811039,"y":0.9830067753791809,"z":-0.1776689887046814,"w":-0.045446425676345828},"size":6.461480140686035,"orthographic":false}