{"cameraMode":{"drawMode":0,"name":"Shaded","section":"Shading Mode"},"sceneLighting":true,"audioPlay":false,"sceneViewState":{"showFog":true,"showMaterialUpdate":false,"showSkybox":true,"showFlares":true,"showImageEffects":true,"showParticleSystems":true},"in2DMode":false,"pivot":{"x":8.915191650390625,"y":23.97014617919922,"z":9.444602966308594},"rotation":{"x":0.06444938480854035,"y":-0.013471555896103382,"z":0.0008701567421667278,"w":0.9978266954421997},"size":67.62757873535156,"orthographic":true}