{"cameraMode":{"drawMode":0,"name":"Shaded","section":"Shading Mode"},"sceneLighting":true,"audioPlay":false,"sceneViewState":{"showFog":true,"showMaterialUpdate":false,"showSkybox":true,"showFlares":true,"showImageEffects":true,"showParticleSystems":true},"in2DMode":false,"pivot":{"x":-9.035392761230469,"y":16.866897583007814,"z":2.0871810913085939},"rotation":{"x":0.06444646418094635,"y":-0.01646496169269085,"z":0.0010634667705744506,"w":0.9977850317955017},"size":58.41339874267578,"orthographic":false}